address,frequency,current_address,lon,lat,note
荆州,417,unknown,unknown,unknown,None
东吴,246,unknown,unknown,unknown,None
汉中,215,unknown,unknown,unknown,None
上马,181,unknown,unknown,unknown,None
夏侯惇,161,unknown,unknown,unknown,None
徐州,141,unknown,unknown,unknown,None
成都,137,unknown,unknown,unknown,None
江东,136,unknown,unknown,unknown,None
许都,119,unknown,unknown,unknown,None
洛阳,107,unknown,unknown,unknown,None
关兴,97,unknown,unknown,unknown,None
祁山,92,unknown,unknown,unknown,None
朝廷,89,unknown,unknown,unknown,None
西川,89,unknown,unknown,unknown,None
襄阳,89,unknown,unknown,unknown,None
长安,85,unknown,unknown,unknown,None
英雄,82,unknown,unknown,unknown,None
樊城,80,unknown,unknown,unknown,None
江南,79,unknown,unknown,unknown,None
中原,79,unknown,unknown,unknown,None
甘宁,78,unknown,unknown,unknown,None
冀州,75,unknown,unknown,unknown,None
江夏,64,unknown,unknown,unknown,None
莫非,61,unknown,unknown,unknown,None
蜀中,60,unknown,unknown,unknown,None
大寨,59,unknown,unknown,unknown,None
南郡,57,unknown,unknown,unknown,None
河北,53,unknown,unknown,unknown,None
兖州,44,unknown,unknown,unknown,None
渡江,41,unknown,unknown,unknown,None
卧龙,41,unknown,unknown,unknown,None
东南,40,unknown,unknown,unknown,None
南安,39,unknown,unknown,unknown,None
汝南,38,unknown,unknown,unknown,None
平原,38,unknown,unknown,unknown,None
匹夫,38,unknown,unknown,unknown,None
立马,38,unknown,unknown,unknown,None
益州,38,unknown,unknown,unknown,None
泸水,37,unknown,unknown,unknown,None
馆驿,35,unknown,unknown,unknown,None
山坡,35,unknown,unknown,unknown,None
淮南,35,unknown,unknown,unknown,None
之士,33,unknown,unknown,unknown,None
剑阁,33,unknown,unknown,unknown,None
木牛流马,33,unknown,unknown,unknown,None
青州,32,unknown,unknown,unknown,None
西门,32,unknown,unknown,unknown,None
四海,31,unknown,unknown,unknown,None
南阳,30,unknown,unknown,unknown,None
长沙,30,unknown,unknown,unknown,None
哥哥,30,unknown,unknown,unknown,None
阳平关,30,unknown,unknown,unknown,None
陇西,29,unknown,unknown,unknown,None
辽东,29,unknown,unknown,unknown,None
下山,29,unknown,unknown,unknown,None
豫州,28,unknown,unknown,unknown,None
入川,28,unknown,unknown,unknown,None
东门,27,unknown,unknown,unknown,None
江陵,27,unknown,unknown,unknown,None
西北,26,unknown,unknown,unknown,None
定军山,26,unknown,unknown,unknown,None
雍州,26,unknown,unknown,unknown,None
大汉,25,unknown,unknown,unknown,None
南门,24,unknown,unknown,unknown,None
长江,24,unknown,unknown,unknown,None
山东,23,unknown,unknown,unknown,None
长坂,23,unknown,unknown,unknown,None
绵竹,23,unknown,unknown,unknown,None
白马,22,unknown,unknown,unknown,None
黄门,21,unknown,unknown,unknown,None
渡河,21,unknown,unknown,unknown,None
上山,21,unknown,unknown,unknown,None
濮阳,21,unknown,unknown,unknown,None
黎阳,21,unknown,unknown,unknown,None
南郑,21,unknown,unknown,unknown,None
北海,20,unknown,unknown,unknown,None
西南,20,unknown,unknown,unknown,None
桃园,19,unknown,unknown,unknown,None
太平,19,unknown,unknown,unknown,None
北门,19,unknown,unknown,unknown,None
常山,19,unknown,unknown,unknown,None
翼德,19,unknown,unknown,unknown,None
上城,19,unknown,unknown,unknown,None
新城,19,unknown,unknown,unknown,None
魏国,19,unknown,unknown,unknown,None
祁山寨,19,unknown,unknown,unknown,None
泰山,18,unknown,unknown,unknown,None
土山,18,unknown,unknown,unknown,None
大江,18,unknown,unknown,unknown,None
巴西,18,unknown,unknown,unknown,None
渭水,18,unknown,unknown,unknown,None
东川,17,unknown,unknown,unknown,None
武昌,17,unknown,unknown,unknown,None
潼关,17,unknown,unknown,unknown,None
杨阜,17,unknown,unknown,unknown,None
宛城,16,unknown,unknown,unknown,None
那马,16,unknown,unknown,unknown,None
扬州,16,unknown,unknown,unknown,None
江口,16,unknown,unknown,unknown,None
屯田,16,unknown,unknown,unknown,None
阆中,16,unknown,unknown,unknown,None
洮阳,16,unknown,unknown,unknown,None
离城,15,unknown,unknown,unknown,None
山川,15,unknown,unknown,unknown,None
渭南,15,unknown,unknown,unknown,None
两川,15,unknown,unknown,unknown,None
北原,15,unknown,unknown,unknown,None
颍川,14,unknown,unknown,unknown,None
四门,14,unknown,unknown,unknown,None
永安,14,unknown,unknown,unknown,None
广陵,14,unknown,unknown,unknown,None
中路,14,unknown,unknown,unknown,None
中国,14,unknown,unknown,unknown,None
九郡,14,unknown,unknown,unknown,None
柳城,14,unknown,unknown,unknown,None
桂阳,14,unknown,unknown,unknown,None
涪城,14,unknown,unknown,unknown,None
皖城,14,unknown,unknown,unknown,None
奉天,13,unknown,unknown,unknown,None
江中,13,unknown,unknown,unknown,None
江山,13,unknown,unknown,unknown,None
鞍马,13,unknown,unknown,unknown,None
入城,13,unknown,unknown,unknown,None
东北,13,unknown,unknown,unknown,None
三江,13,unknown,unknown,unknown,None
襄平,13,unknown,unknown,unknown,None
江北,13,unknown,unknown,unknown,None
上庸,13,unknown,unknown,unknown,None
青龙,12,unknown,unknown,unknown,None
并州,12,unknown,unknown,unknown,None
西城,12,unknown,unknown,unknown,None
雅丹,12,unknown,unknown,unknown,None
中山,11,unknown,unknown,unknown,None
东西,11,unknown,unknown,unknown,None
虎威,11,unknown,unknown,unknown,None
匹马,11,unknown,unknown,unknown,None
长大,11,unknown,unknown,unknown,None
黄河,11,unknown,unknown,unknown,None
西山,11,unknown,unknown,unknown,None
巴丘,11,unknown,unknown,unknown,None
镇南,11,unknown,unknown,unknown,None
川口,11,unknown,unknown,unknown,None
涪关,11,unknown,unknown,unknown,None
入宫,10,unknown,unknown,unknown,None
山林,10,unknown,unknown,unknown,None
上宾,10,unknown,unknown,unknown,None
古城,10,unknown,unknown,unknown,None
山口,10,unknown,unknown,unknown,None
土城,10,unknown,unknown,unknown,None
麦城,10,unknown,unknown,unknown,None
金城,10,unknown,unknown,unknown,None
乌戈国,10,unknown,unknown,unknown,None
相国,9,unknown,unknown,unknown,None
山阳,9,unknown,unknown,unknown,None
华夏,9,unknown,unknown,unknown,None
正南,9,unknown,unknown,unknown,None
回城,9,unknown,unknown,unknown,None
法度,9,unknown,unknown,unknown,None
城南,9,unknown,unknown,unknown,None
南山,9,unknown,unknown,unknown,None
高山,9,unknown,unknown,unknown,None
陇上,9,unknown,unknown,unknown,None
冀城,9,unknown,unknown,unknown,None
临淄,9,unknown,unknown,unknown,None
武都,9,unknown,unknown,unknown,None
渭滨,9,unknown,unknown,unknown,None
洮水,9,unknown,unknown,unknown,None
三国,8,unknown,unknown,unknown,None
涿郡,8,unknown,unknown,unknown,None
河东,8,unknown,unknown,unknown,None
万古,8,unknown,unknown,unknown,None
镇西,8,unknown,unknown,unknown,None
镇东,8,unknown,unknown,unknown,None
庐江,8,unknown,unknown,unknown,None
丹阳,8,unknown,unknown,unknown,None
山野,8,unknown,unknown,unknown,None
入寨,8,unknown,unknown,unknown,None
漳河,8,unknown,unknown,unknown,None
西平,8,unknown,unknown,unknown,None
江水,8,unknown,unknown,unknown,None
武城山,8,unknown,unknown,unknown,None
歇马,7,unknown,unknown,unknown,None
天威,7,unknown,unknown,unknown,None
荥阳,7,unknown,unknown,unknown,None
九州,7,unknown,unknown,unknown,None
江汉,7,unknown,unknown,unknown,None
南屏山,7,unknown,unknown,unknown,None
武陵,7,unknown,unknown,unknown,None
耒阳,7,unknown,unknown,unknown,None
河西,7,unknown,unknown,unknown,None
渭河,7,unknown,unknown,unknown,None
大国,7,unknown,unknown,unknown,None
石头城,7,unknown,unknown,unknown,None
高阜,7,unknown,unknown,unknown,None
吴国,7,unknown,unknown,unknown,None
永昌,7,unknown,unknown,unknown,None
樊建,7,unknown,unknown,unknown,None
甘泉,7,unknown,unknown,unknown,None
东兴,7,unknown,unknown,unknown,None
长城,7,unknown,unknown,unknown,None
江湖,6,unknown,unknown,unknown,None
高冈,6,unknown,unknown,unknown,None
正东,6,unknown,unknown,unknown,None
登城,6,unknown,unknown,unknown,None
河南,6,unknown,unknown,unknown,None
渤海,6,unknown,unknown,unknown,None
关西,6,unknown,unknown,unknown,None
虎牢关,6,unknown,unknown,unknown,None
关东,6,unknown,unknown,unknown,None
岘山,6,unknown,unknown,unknown,None
长安城,6,unknown,unknown,unknown,None
凉州,6,unknown,unknown,unknown,None
西凉州,6,unknown,unknown,unknown,None
鄄城,6,unknown,unknown,unknown,None
东莱,6,unknown,unknown,unknown,None
蛟龙,6,unknown,unknown,unknown,None
之德,6,unknown,unknown,unknown,None
遂拜,6,unknown,unknown,unknown,None
绕城,6,unknown,unknown,unknown,None
东华门,6,unknown,unknown,unknown,None
千古,6,unknown,unknown,unknown,None
卧牛山,6,unknown,unknown,unknown,None
山城,6,unknown,unknown,unknown,None
易州,6,unknown,unknown,unknown,None
城东,6,unknown,unknown,unknown,None
襄江,6,unknown,unknown,unknown,None
白河,6,unknown,unknown,unknown,None
蜀道,6,unknown,unknown,unknown,None
安乐,6,unknown,unknown,unknown,None
西洱河,6,unknown,unknown,unknown,None
阳安关,6,unknown,unknown,unknown,None
中兴,5,unknown,unknown,unknown,None
阳城,5,unknown,unknown,unknown,None
焉能,5,unknown,unknown,unknown,None
布列,5,unknown,unknown,unknown,None
朝贺,5,unknown,unknown,unknown,None
非吾,5,unknown,unknown,unknown,None
济北,5,unknown,unknown,unknown,None
威镇,5,unknown,unknown,unknown,None
汉江,5,unknown,unknown,unknown,None
北地,5,unknown,unknown,unknown,None
中堂,5,unknown,unknown,unknown,None
猛省,5,unknown,unknown,unknown,None
九江,5,unknown,unknown,unknown,None
城垣,5,unknown,unknown,unknown,None
正西,5,unknown,unknown,unknown,None
山河,5,unknown,unknown,unknown,None
中道,5,unknown,unknown,unknown,None
上岭,5,unknown,unknown,unknown,None
豫章,5,unknown,unknown,unknown,None
下城,5,unknown,unknown,unknown,None
择吉,5,unknown,unknown,unknown,None
沛城,5,unknown,unknown,unknown,None
正北,5,unknown,unknown,unknown,None
望北,5,unknown,unknown,unknown,None
沿河,5,unknown,unknown,unknown,None
五关,5,unknown,unknown,unknown,None
镇国寺,5,unknown,unknown,unknown,None
巢湖,5,unknown,unknown,unknown,None
汉川,5,unknown,unknown,unknown,None
阴阳,5,unknown,unknown,unknown,None
江左,5,unknown,unknown,unknown,None
蒙头,5,unknown,unknown,unknown,None
山脚,5,unknown,unknown,unknown,None
满城,5,unknown,unknown,unknown,None
渭北,5,unknown,unknown,unknown,None
渭桥,5,unknown,unknown,unknown,None
蜀地,5,unknown,unknown,unknown,None
山峪,5,unknown,unknown,unknown,None
北山,5,unknown,unknown,unknown,None
偃城,5,unknown,unknown,unknown,None
安东,5,unknown,unknown,unknown,None
二国,5,unknown,unknown,unknown,None
三洞,5,unknown,unknown,unknown,None
回国,5,unknown,unknown,unknown,None
江城,5,unknown,unknown,unknown,None
汉城,5,unknown,unknown,unknown,None
伯约,5,unknown,unknown,unknown,None
六甲,5,unknown,unknown,unknown,None
山岭,4,unknown,unknown,unknown,None
回京,4,unknown,unknown,unknown,None
盱眙,4,unknown,unknown,unknown,None
山冈,4,unknown,unknown,unknown,None
太庙,4,unknown,unknown,unknown,None
东郡,4,unknown,unknown,unknown,None
沛国,4,unknown,unknown,unknown,None
安营下寨,4,unknown,unknown,unknown,None
虎狼,4,unknown,unknown,unknown,None
青罗,4,unknown,unknown,unknown,None
南北,4,unknown,unknown,unknown,None
山坞,4,unknown,unknown,unknown,None
东阿,4,unknown,unknown,unknown,None
四壁,4,unknown,unknown,unknown,None
东海,4,unknown,unknown,unknown,None
麦熟,4,unknown,unknown,unknown,None
两京,4,unknown,unknown,unknown,None
泾县,4,unknown,unknown,unknown,None
伏路,4,unknown,unknown,unknown,None
湖口,4,unknown,unknown,unknown,None
四州,4,unknown,unknown,unknown,None
治国,4,unknown,unknown,unknown,None
漠漠,4,unknown,unknown,unknown,None
瓮城,4,unknown,unknown,unknown,None
故尔,4,unknown,unknown,unknown,None
泉水,4,unknown,unknown,unknown,None
旧寨,4,unknown,unknown,unknown,None
邯郸,4,unknown,unknown,unknown,None
咸阳,4,unknown,unknown,unknown,None
中门,4,unknown,unknown,unknown,None
临江,4,unknown,unknown,unknown,None
鄱阳湖,4,unknown,unknown,unknown,None
汉阳,4,unknown,unknown,unknown,None
遂封,4,unknown,unknown,unknown,None
铜雀台,4,unknown,unknown,unknown,None
乌林,4,unknown,unknown,unknown,None
南彝陵,4,unknown,unknown,unknown,None
宜都,4,unknown,unknown,unknown,None
开山,4,unknown,unknown,unknown,None
涪江,4,unknown,unknown,unknown,None
涪水,4,unknown,unknown,unknown,None
平西,4,unknown,unknown,unknown,None
天荡山,4,unknown,unknown,unknown,None
昔者,4,unknown,unknown,unknown,None
褒州,4,unknown,unknown,unknown,None
抚民,4,unknown,unknown,unknown,None
摩陂,4,unknown,unknown,unknown,None
秭归,4,unknown,unknown,unknown,None
蜀汉,4,unknown,unknown,unknown,None
冀县,4,unknown,unknown,unknown,None
越吉,4,unknown,unknown,unknown,None
山西,4,unknown,unknown,unknown,None
太极,4,unknown,unknown,unknown,None
句安,4,unknown,unknown,unknown,None
南顿,4,unknown,unknown,unknown,None
九寨,4,unknown,unknown,unknown,None
乐城,4,unknown,unknown,unknown,None
中平,3,unknown,unknown,unknown,None
涿县,3,unknown,unknown,unknown,None
中风,3,unknown,unknown,unknown,None
漫山塞野,3,unknown,unknown,unknown,None
临洮,3,unknown,unknown,unknown,None
中其,3,unknown,unknown,unknown,None
西州,3,unknown,unknown,unknown,None
陕西,3,unknown,unknown,unknown,None
京城,3,unknown,unknown,unknown,None
渑池,3,unknown,unknown,unknown,None
长乐宫,3,unknown,unknown,unknown,None
登山,3,unknown,unknown,unknown,None
莫大,3,unknown,unknown,unknown,None
洛水,3,unknown,unknown,unknown,None
汝非,3,unknown,unknown,unknown,None
北平,3,unknown,unknown,unknown,None
华雄,3,unknown,unknown,unknown,None
辽西,3,unknown,unknown,unknown,None
武安,3,unknown,unknown,unknown,None
安国,3,unknown,unknown,unknown,None
无虞,3,unknown,unknown,unknown,None
华阴,3,unknown,unknown,unknown,None
武关,3,unknown,unknown,unknown,None
磐河,3,unknown,unknown,unknown,None
美丽,3,unknown,unknown,unknown,None
西寨,3,unknown,unknown,unknown,None
虎口,3,unknown,unknown,unknown,None
平川,3,unknown,unknown,unknown,None
密林,3,unknown,unknown,unknown,None
东路,3,unknown,unknown,unknown,None
沛县,3,unknown,unknown,unknown,None
东宫,3,unknown,unknown,unknown,None
诸县,3,unknown,unknown,unknown,None
襄城,3,unknown,unknown,unknown,None
邳城,3,unknown,unknown,unknown,None
萧关,3,unknown,unknown,unknown,None
砀山,3,unknown,unknown,unknown,None
且莫,3,unknown,unknown,unknown,None
满口,3,unknown,unknown,unknown,None
扬威,3,unknown,unknown,unknown,None
关津,3,unknown,unknown,unknown,None
扬武,3,unknown,unknown,unknown,None
云汉,3,unknown,unknown,unknown,None
延津,3,unknown,unknown,unknown,None
土阜,3,unknown,unknown,unknown,None
西番,3,unknown,unknown,unknown,None
之盟,3,unknown,unknown,unknown,None
千里马,3,unknown,unknown,unknown,None
山寨,3,unknown,unknown,unknown,None
望南,3,unknown,unknown,unknown,None
五寨,3,unknown,unknown,unknown,None
清河,3,unknown,unknown,unknown,None
新野县,3,unknown,unknown,unknown,None
檀溪,3,unknown,unknown,unknown,None
安邦定国,3,unknown,unknown,unknown,None
仙庄,3,unknown,unknown,unknown,None
秦川,3,unknown,unknown,unknown,None
顿开茅塞,3,unknown,unknown,unknown,None
青旗,3,unknown,unknown,unknown,None
乃义阳,3,unknown,unknown,unknown,None
英灵,3,unknown,unknown,unknown,None
汉津,3,unknown,unknown,unknown,None
三江口,3,unknown,unknown,unknown,None
山岩,3,unknown,unknown,unknown,None
中藏,3,unknown,unknown,unknown,None
北风,3,unknown,unknown,unknown,None
樊口,3,unknown,unknown,unknown,None
北彝陵,3,unknown,unknown,unknown,None
柴桑,3,unknown,unknown,unknown,None
上台,3,unknown,unknown,unknown,None
蜀锦,3,unknown,unknown,unknown,None
之劳,3,unknown,unknown,unknown,None
渭口,3,unknown,unknown,unknown,None
入贡,3,unknown,unknown,unknown,None
广汉,3,unknown,unknown,unknown,None
巴郡,3,unknown,unknown,unknown,None
连城,3,unknown,unknown,unknown,None
郑度,3,unknown,unknown,unknown,None
之滨,3,unknown,unknown,unknown,None
巴中,3,unknown,unknown,unknown,None
上高阜,3,unknown,unknown,unknown,None
非君,3,unknown,unknown,unknown,None
满谷,3,unknown,unknown,unknown,None
平南,3,unknown,unknown,unknown,None
故耳,3,unknown,unknown,unknown,None
西路,3,unknown,unknown,unknown,None
安溪,3,unknown,unknown,unknown,None
云集,3,unknown,unknown,unknown,None
归国,3,unknown,unknown,unknown,None
东关,3,unknown,unknown,unknown,None
南谷,3,unknown,unknown,unknown,None
柏梁台,3,unknown,unknown,unknown,None
保国,3,unknown,unknown,unknown,None
七庙,3,unknown,unknown,unknown,None
濮阳兴,3,unknown,unknown,unknown,None
巴山,3,unknown,unknown,unknown,None
美化,2,unknown,unknown,unknown,None
入山,2,unknown,unknown,unknown,None
竟陵,2,unknown,unknown,unknown,None
入店,2,unknown,unknown,unknown,None
伏山,2,unknown,unknown,unknown,None
官拜,2,unknown,unknown,unknown,None
曲阳,2,unknown,unknown,unknown,None
遂平,2,unknown,unknown,unknown,None
钱塘,2,unknown,unknown,unknown,None
南郊,2,unknown,unknown,unknown,None
定州,2,unknown,unknown,unknown,None
安喜县,2,unknown,unknown,unknown,None
来京,2,unknown,unknown,unknown,None
入海,2,unknown,unknown,unknown,None
赞拜,2,unknown,unknown,unknown,None
入京,2,unknown,unknown,unknown,None
上建,2,unknown,unknown,unknown,None
东都,2,unknown,unknown,unknown,None
土冈,2,unknown,unknown,unknown,None
合吾意,2,unknown,unknown,unknown,None
孟津,2,unknown,unknown,unknown,None
鲁国,2,unknown,unknown,unknown,None
延平,2,unknown,unknown,unknown,None
桥西,2,unknown,unknown,unknown,None
上桥,2,unknown,unknown,unknown,None
上坡,2,unknown,unknown,unknown,None
土坡,2,unknown,unknown,unknown,None
青春,2,unknown,unknown,unknown,None
太中,2,unknown,unknown,unknown,None
黄县,2,unknown,unknown,unknown,None
黄马,2,unknown,unknown,unknown,None
之原,2,unknown,unknown,unknown,None
葛陂,2,unknown,unknown,unknown,None
势如劈竹,2,unknown,unknown,unknown,None
两雄,2,unknown,unknown,unknown,None
终南山,2,unknown,unknown,unknown,None
兴平,2,unknown,unknown,unknown,None
无马,2,unknown,unknown,unknown,None
洛阳城,2,unknown,unknown,unknown,None
之安,2,unknown,unknown,unknown,None
河口,2,unknown,unknown,unknown,None
中庭,2,unknown,unknown,unknown,None
深山,2,unknown,unknown,unknown,None
岭南,2,unknown,unknown,unknown,None
宣城,2,unknown,unknown,unknown,None
山阴,2,unknown,unknown,unknown,None
四寨,2,unknown,unknown,unknown,None
沂都,2,unknown,unknown,unknown,None
爪牙,2,unknown,unknown,unknown,None
渡淮,2,unknown,unknown,unknown,None
库藏,2,unknown,unknown,unknown,None
遂纳,2,unknown,unknown,unknown,None
上关,2,unknown,unknown,unknown,None
泗水,2,unknown,unknown,unknown,None
高原,2,unknown,unknown,unknown,None
满门,2,unknown,unknown,unknown,None
故特,2,unknown,unknown,unknown,None
乃国,2,unknown,unknown,unknown,None
之耳,2,unknown,unknown,unknown,None
大海,2,unknown,unknown,unknown,None
嵩山,2,unknown,unknown,unknown,None
望城,2,unknown,unknown,unknown,None
兴隆,2,unknown,unknown,unknown,None
享国,2,unknown,unknown,unknown,None
奉汉,2,unknown,unknown,unknown,None
二哥,2,unknown,unknown,unknown,None
昔为,2,unknown,unknown,unknown,None
吉平,2,unknown,unknown,unknown,None
圣明,2,unknown,unknown,unknown,None
入门,2,unknown,unknown,unknown,None
入拜,2,unknown,unknown,unknown,None
武阳,2,unknown,unknown,unknown,None
东岭,2,unknown,unknown,unknown,None
非关,2,unknown,unknown,unknown,None
太阳,2,unknown,unknown,unknown,None
罗拜,2,unknown,unknown,unknown,None
上屋,2,unknown,unknown,unknown,None
东城,2,unknown,unknown,unknown,None
冀北,2,unknown,unknown,unknown,None
如林,2,unknown,unknown,unknown,None
东西南北,2,unknown,unknown,unknown,None
九里山,2,unknown,unknown,unknown,None
白沟,2,unknown,unknown,unknown,None
之谊,2,unknown,unknown,unknown,None
镇北,2,unknown,unknown,unknown,None
壶关,2,unknown,unknown,unknown,None
南越,2,unknown,unknown,unknown,None
酒兴,2,unknown,unknown,unknown,None
大溪,2,unknown,unknown,unknown,None
城西,2,unknown,unknown,unknown,None
南漳,2,unknown,unknown,unknown,None
赞美,2,unknown,unknown,unknown,None
东连吴,2,unknown,unknown,unknown,None
豫山,2,unknown,unknown,unknown,None
河水,2,unknown,unknown,unknown,None
二县,2,unknown,unknown,unknown,None
永镇,2,unknown,unknown,unknown,None
景山,2,unknown,unknown,unknown,None
桥东,2,unknown,unknown,unknown,None
长坂坡,2,unknown,unknown,unknown,None
龙潭,2,unknown,unknown,unknown,None
之威,2,unknown,unknown,unknown,None
夏口,2,unknown,unknown,unknown,None
西连,2,unknown,unknown,unknown,None
以肃,2,unknown,unknown,unknown,None
泽及,2,unknown,unknown,unknown,None
汉南,2,unknown,unknown,unknown,None
鄱阳,2,unknown,unknown,unknown,None
太仓,2,unknown,unknown,unknown,None
临漳,2,unknown,unknown,unknown,None
江畔,2,unknown,unknown,unknown,None
朝阳,2,unknown,unknown,unknown,None
上铺,2,unknown,unknown,unknown,None
东山,2,unknown,unknown,unknown,None
塞北,2,unknown,unknown,unknown,None
乌鹊南,2,unknown,unknown,unknown,None
张南,2,unknown,unknown,unknown,None
长戈,2,unknown,unknown,unknown,None
黄州,2,unknown,unknown,unknown,None
绕江,2,unknown,unknown,unknown,None
湘江,2,unknown,unknown,unknown,None
回南,2,unknown,unknown,unknown,None
驻马坡,2,unknown,unknown,unknown,None
荷蒙,2,unknown,unknown,unknown,None
荆南,2,unknown,unknown,unknown,None
蒲阪津,2,unknown,unknown,unknown,None
循河,2,unknown,unknown,unknown,None
北渡,2,unknown,unknown,unknown,None
汉宁,2,unknown,unknown,unknown,None
三峡,2,unknown,unknown,unknown,None
之盛,2,unknown,unknown,unknown,None
望西川,2,unknown,unknown,unknown,None
广布,2,unknown,unknown,unknown,None
山北,2,unknown,unknown,unknown,None
山南,2,unknown,unknown,unknown,None
巴州,2,unknown,unknown,unknown,None
德阳,2,unknown,unknown,unknown,None
望西,2,unknown,unknown,unknown,None
威胜,2,unknown,unknown,unknown,None
龙尾,2,unknown,unknown,unknown,None
朝野,2,unknown,unknown,unknown,None
吐丝,2,unknown,unknown,unknown,None
成罗,2,unknown,unknown,unknown,None
北溪,2,unknown,unknown,unknown,None
无寿,2,unknown,unknown,unknown,None
乃汉,2,unknown,unknown,unknown,None
六街三市,2,unknown,unknown,unknown,None
上虞,2,unknown,unknown,unknown,None
半山,2,unknown,unknown,unknown,None
龙兴,2,unknown,unknown,unknown,None
深渊,2,unknown,unknown,unknown,None
跃龙,2,unknown,unknown,unknown,None
南昌,2,unknown,unknown,unknown,None
万国,2,unknown,unknown,unknown,None
五溪,2,unknown,unknown,unknown,None
江州,2,unknown,unknown,unknown,None
青城山,2,unknown,unknown,unknown,None
不亚,2,unknown,unknown,unknown,None
夹江,2,unknown,unknown,unknown,None
包原,2,unknown,unknown,unknown,None
马鞍山,2,unknown,unknown,unknown,None
古庙,2,unknown,unknown,unknown,None
上殿,2,unknown,unknown,unknown,None
蜀连,2,unknown,unknown,unknown,None
淮河,2,unknown,unknown,unknown,None
越岭,2,unknown,unknown,unknown,None
汝原,2,unknown,unknown,unknown,None
洞丁,2,unknown,unknown,unknown,None
八纳洞,2,unknown,unknown,unknown,None
蜀寨,2,unknown,unknown,unknown,None
三城,2,unknown,unknown,unknown,None
上梁,2,unknown,unknown,unknown,None
孟达,2,unknown,unknown,unknown,None
扎寨,2,unknown,unknown,unknown,None
太阴,2,unknown,unknown,unknown,None
六丁,2,unknown,unknown,unknown,None
岱曰,2,unknown,unknown,unknown,None
大兴土木,2,unknown,unknown,unknown,None
南寨,2,unknown,unknown,unknown,None
嘉平,2,unknown,unknown,unknown,None
永宁,2,unknown,unknown,unknown,None
洮西,2,unknown,unknown,unknown,None
上楼,2,unknown,unknown,unknown,None
安丰,2,unknown,unknown,unknown,None
淮水,2,unknown,unknown,unknown,None
沈岭,2,unknown,unknown,unknown,None
虎林,2,unknown,unknown,unknown,None
湖山,2,unknown,unknown,unknown,None
邓敦,2,unknown,unknown,unknown,None
攀木,2,unknown,unknown,unknown,None
五原,1,unknown,unknown,unknown,None
日非,1,unknown,unknown,unknown,None
角拜,1,unknown,unknown,unknown,None
豫八州,1,unknown,unknown,unknown,None
大圣,1,unknown,unknown,unknown,None
涿鹿,1,unknown,unknown,unknown,None
乌牛,1,unknown,unknown,unknown,None
吉利,1,unknown,unknown,unknown,None
济南,1,unknown,unknown,unknown,None
郡县,1,unknown,unknown,unknown,None
上街,1,unknown,unknown,unknown,None
呼拜,1,unknown,unknown,unknown,None
内省,1,unknown,unknown,unknown,None
北宫,1,unknown,unknown,unknown,None
邙山,1,unknown,unknown,unknown,None
太甲,1,unknown,unknown,unknown,None
桐宫,1,unknown,unknown,unknown,None
建阳,1,unknown,unknown,unknown,None
以利,1,unknown,unknown,unknown,None
永乐,1,unknown,unknown,unknown,None
中牟县,1,unknown,unknown,unknown,None
成皋,1,unknown,unknown,unknown,None
西村,1,unknown,unknown,unknown,None
卫国,1,unknown,unknown,unknown,None
德州,1,unknown,unknown,unknown,None
平原县,1,unknown,unknown,unknown,None
焉用,1,unknown,unknown,unknown,None
骑花鬃马,1,unknown,unknown,unknown,None
黄鬃马,1,unknown,unknown,unknown,None
无斯,1,unknown,unknown,unknown,None
西都,1,unknown,unknown,unknown,None
汉东,1,unknown,unknown,unknown,None
赤眉,1,unknown,unknown,unknown,None
大河,1,unknown,unknown,unknown,None
荆山,1,unknown,unknown,unknown,None
洞庭湖,1,unknown,unknown,unknown,None
宜阳,1,unknown,unknown,unknown,None
驻丹,1,unknown,unknown,unknown,None
河桥东,1,unknown,unknown,unknown,None
列拜,1,unknown,unknown,unknown,None
彼营,1,unknown,unknown,unknown,None
江都,1,unknown,unknown,unknown,None
牡丹亭,1,unknown,unknown,unknown,None
昭阳,1,unknown,unknown,unknown,None
梁州,1,unknown,unknown,unknown,None
红牙,1,unknown,unknown,unknown,None
朝堂,1,unknown,unknown,unknown,None
香罗,1,unknown,unknown,unknown,None
荷花池,1,unknown,unknown,unknown,None
荷池,1,unknown,unknown,unknown,None
朝门,1,unknown,unknown,unknown,None
北掖,1,unknown,unknown,unknown,None
孝武,1,unknown,unknown,unknown,None
宣平门,1,unknown,unknown,unknown,None
池阳,1,unknown,unknown,unknown,None
美阳,1,unknown,unknown,unknown,None
中马,1,unknown,unknown,unknown,None
抚安,1,unknown,unknown,unknown,None
寿阳,1,unknown,unknown,unknown,None
颍阴,1,unknown,unknown,unknown,None
乃东,1,unknown,unknown,unknown,None
武城,1,unknown,unknown,unknown,None
古寺,1,unknown,unknown,unknown,None
安顿,1,unknown,unknown,unknown,None
三县,1,unknown,unknown,unknown,None
且州县,1,unknown,unknown,unknown,None
名竺,1,unknown,unknown,unknown,None
曲阜,1,unknown,unknown,unknown,None
深恩,1,unknown,unknown,unknown,None
绍纳,1,unknown,unknown,unknown,None
以州,1,unknown,unknown,unknown,None
泰山路,1,unknown,unknown,unknown,None
雁门,1,unknown,unknown,unknown,None
乃典,1,unknown,unknown,unknown,None
西巷,1,unknown,unknown,unknown,None
深根固本,1,unknown,unknown,unknown,None
羊山,1,unknown,unknown,unknown,None
葛陂坞,1,unknown,unknown,unknown,None
城邑,1,unknown,unknown,unknown,None
商州,1,unknown,unknown,unknown,None
济郡,1,unknown,unknown,unknown,None
修城,1,unknown,unknown,unknown,None
非布,1,unknown,unknown,unknown,None
兴汉,1,unknown,unknown,unknown,None
神州,1,unknown,unknown,unknown,None
六宫,1,unknown,unknown,unknown,None
太阿,1,unknown,unknown,unknown,None
敦阿,1,unknown,unknown,unknown,None
西安,1,unknown,unknown,unknown,None
华阴县,1,unknown,unknown,unknown,None
陕北,1,unknown,unknown,unknown,None
渭阳,1,unknown,unknown,unknown,None
马疆,1,unknown,unknown,unknown,None
大阳,1,unknown,unknown,unknown,None
安邑县,1,unknown,unknown,unknown,None
安邑,1,unknown,unknown,unknown,None
济阴,1,unknown,unknown,unknown,None
天津,1,unknown,unknown,unknown,None
天关,1,unknown,unknown,unknown,None
暹非,1,unknown,unknown,unknown,None
东平,1,unknown,unknown,unknown,None
上密,1,unknown,unknown,unknown,None
淮阴,1,unknown,unknown,unknown,None
江屯,1,unknown,unknown,unknown,None
松滋,1,unknown,unknown,unknown,None
枫桥,1,unknown,unknown,unknown,None
城上城,1,unknown,unknown,unknown,None
西津,1,unknown,unknown,unknown,None
浙江,1,unknown,unknown,unknown,None
北连,1,unknown,unknown,unknown,None
玄德县,1,unknown,unknown,unknown,None
乃拉灵,1,unknown,unknown,unknown,None
清水河,1,unknown,unknown,unknown,None
平东,1,unknown,unknown,unknown,None
台省,1,unknown,unknown,unknown,None
北郊,1,unknown,unknown,unknown,None
运七,1,unknown,unknown,unknown,None
城敦,1,unknown,unknown,unknown,None
乃尔,1,unknown,unknown,unknown,None
意达,1,unknown,unknown,unknown,None
新旧,1,unknown,unknown,unknown,None
安众县,1,unknown,unknown,unknown,None
镇威,1,unknown,unknown,unknown,None
梁城,1,unknown,unknown,unknown,None
海州,1,unknown,unknown,unknown,None
十县,1,unknown,unknown,unknown,None
伏波,1,unknown,unknown,unknown,None
彼约,1,unknown,unknown,unknown,None
两河,1,unknown,unknown,unknown,None
孝治,1,unknown,unknown,unknown,None
独昌,1,unknown,unknown,unknown,None
沂水,1,unknown,unknown,unknown,None
钦阳,1,unknown,unknown,unknown,None
祁阳,1,unknown,unknown,unknown,None
霸河,1,unknown,unknown,unknown,None
易京,1,unknown,unknown,unknown,None
奉明,1,unknown,unknown,unknown,None
抚河,1,unknown,unknown,unknown,None
塞路,1,unknown,unknown,unknown,None
沧海,1,unknown,unknown,unknown,None
冀四州,1,unknown,unknown,unknown,None
諕得刘岱,1,unknown,unknown,unknown,None
之穆穆,1,unknown,unknown,unknown,None
天文地理,1,unknown,unknown,unknown,None
渔阳,1,unknown,unknown,unknown,None
三挝,1,unknown,unknown,unknown,None
犹阳,1,unknown,unknown,unknown,None
上顺,1,unknown,unknown,unknown,None
江头,1,unknown,unknown,unknown,None
汝共七,1,unknown,unknown,unknown,None
上牙,1,unknown,unknown,unknown,None
留尔,1,unknown,unknown,unknown,None
西河,1,unknown,unknown,unknown,None
荷明,1,unknown,unknown,unknown,None
独蔡阳,1,unknown,unknown,unknown,None
故拜,1,unknown,unknown,unknown,None
叙旧,1,unknown,unknown,unknown,None
滑州,1,unknown,unknown,unknown,None
马约,1,unknown,unknown,unknown,None
入县,1,unknown,unknown,unknown,None
地连六郡,1,unknown,unknown,unknown,None
防江,1,unknown,unknown,unknown,None
冠江,1,unknown,unknown,unknown,None
华伦,1,unknown,unknown,unknown,None
交州,1,unknown,unknown,unknown,None
成河,1,unknown,unknown,unknown,None
揭瓦,1,unknown,unknown,unknown,None
之雅,1,unknown,unknown,unknown,None
名肃,1,unknown,unknown,unknown,None
临淮,1,unknown,unknown,unknown,None
上门,1,unknown,unknown,unknown,None
成山,1,unknown,unknown,unknown,None
绍寨,1,unknown,unknown,unknown,None
绍营,1,unknown,unknown,unknown,None
汝乡,1,unknown,unknown,unknown,None
长路,1,unknown,unknown,unknown,None
保江,1,unknown,unknown,unknown,None
东至,1,unknown,unknown,unknown,None
滏水,1,unknown,unknown,unknown,None
灌城耳,1,unknown,unknown,unknown,None
绍府,1,unknown,unknown,unknown,None
东武城,1,unknown,unknown,unknown,None
大州,1,unknown,unknown,unknown,None
甘陵,1,unknown,unknown,unknown,None
黑山,1,unknown,unknown,unknown,None
夫兴,1,unknown,unknown,unknown,None
北番,1,unknown,unknown,unknown,None
上洛,1,unknown,unknown,unknown,None
黄沙,1,unknown,unknown,unknown,None
靖北,1,unknown,unknown,unknown,None
北寨,1,unknown,unknown,unknown,None
山大路,1,unknown,unknown,unknown,None
回县,1,unknown,unknown,unknown,None
北河,1,unknown,unknown,unknown,None
长亭,1,unknown,unknown,unknown,None
冈下,1,unknown,unknown,unknown,None
博陵,1,unknown,unknown,unknown,None
比兴,1,unknown,unknown,unknown,None
山畔,1,unknown,unknown,unknown,None
安安,1,unknown,unknown,unknown,None
冈也,1,unknown,unknown,unknown,None
松阴,1,unknown,unknown,unknown,None
庐中,1,unknown,unknown,unknown,None
松篁,1,unknown,unknown,unknown,None
齐城,1,unknown,unknown,unknown,None
日安,1,unknown,unknown,unknown,None
特拜,1,unknown,unknown,unknown,None
溪桥,1,unknown,unknown,unknown,None
新春,1,unknown,unknown,unknown,None
朝里,1,unknown,unknown,unknown,None
北据汉,1,unknown,unknown,unknown,None
南海,1,unknown,unknown,unknown,None
武兴,1,unknown,unknown,unknown,None
广纳,1,unknown,unknown,unknown,None
安其,1,unknown,unknown,unknown,None
宜自,1,unknown,unknown,unknown,None
楚关,1,unknown,unknown,unknown,None
屯柴桑,1,unknown,unknown,unknown,None
非干,1,unknown,unknown,unknown,None
安林,1,unknown,unknown,unknown,None
旧屯,1,unknown,unknown,unknown,None
罗川,1,unknown,unknown,unknown,None
斗耳,1,unknown,unknown,unknown,None
云约,1,unknown,unknown,unknown,None
河朔,1,unknown,unknown,unknown,None
妙绝,1,unknown,unknown,unknown,None
满县,1,unknown,unknown,unknown,None
下河,1,unknown,unknown,unknown,None
平遮,1,unknown,unknown,unknown,None
云自,1,unknown,unknown,unknown,None
连马,1,unknown,unknown,unknown,None
汉津口,1,unknown,unknown,unknown,None
许田,1,unknown,unknown,unknown,None
江西,1,unknown,unknown,unknown,None
徐非,1,unknown,unknown,unknown,None
如肃,1,unknown,unknown,unknown,None
兴邦,1,unknown,unknown,unknown,None
渭子牙,1,unknown,unknown,unknown,None
忠君爱国,1,unknown,unknown,unknown,None
广开,1,unknown,unknown,unknown,None
建高门,1,unknown,unknown,unknown,None
上京,1,unknown,unknown,unknown,None
宁彼,1,unknown,unknown,unknown,None
无极,1,unknown,unknown,unknown,None
东皇,1,unknown,unknown,unknown,None
嘉物阜,1,unknown,unknown,unknown,None
斯台,1,unknown,unknown,unknown,None
永固,1,unknown,unknown,unknown,None
屯汉,1,unknown,unknown,unknown,None
开国,1,unknown,unknown,unknown,None
首阳山,1,unknown,unknown,unknown,None
长索,1,unknown,unknown,unknown,None
九河,1,unknown,unknown,unknown,None
百川,1,unknown,unknown,unknown,None
扬波,1,unknown,unknown,unknown,None
咸集,1,unknown,unknown,unknown,None
四屯,1,unknown,unknown,unknown,None
腾波,1,unknown,unknown,unknown,None
丹山,1,unknown,unknown,unknown,None
中隐,1,unknown,unknown,unknown,None
洪荒,1,unknown,unknown,unknown,None
会稽山,1,unknown,unknown,unknown,None
青牙,1,unknown,unknown,unknown,None
西观夏口,1,unknown,unknown,unknown,None
之江,1,unknown,unknown,unknown,None
南望,1,unknown,unknown,unknown,None
樊山,1,unknown,unknown,unknown,None
漳水,1,unknown,unknown,unknown,None
嘉宾,1,unknown,unknown,unknown,None
五色旗,1,unknown,unknown,unknown,None
望江南,1,unknown,unknown,unknown,None
合江,1,unknown,unknown,unknown,None
上坛,1,unknown,unknown,unknown,None
满江,1,unknown,unknown,unknown,None
南士,1,unknown,unknown,unknown,None
虎窟,1,unknown,unknown,unknown,None
彝陵南,1,unknown,unknown,unknown,None
山乡,1,unknown,unknown,unknown,None
云马,1,unknown,unknown,unknown,None
云安,1,unknown,unknown,unknown,None
云吾,1,unknown,unknown,unknown,None
青马,1,unknown,unknown,unknown,None
北南,1,unknown,unknown,unknown,None
长随,1,unknown,unknown,unknown,None
湘潭,1,unknown,unknown,unknown,None
攸县,1,unknown,unknown,unknown,None
淝县,1,unknown,unknown,unknown,None
淝城,1,unknown,unknown,unknown,None
润州,1,unknown,unknown,unknown,None
北固山,1,unknown,unknown,unknown,None
非云,1,unknown,unknown,unknown,None
铜雀宫,1,unknown,unknown,unknown,None
中歇,1,unknown,unknown,unknown,None
入南,1,unknown,unknown,unknown,None
蒙国,1,unknown,unknown,unknown,None
兴旺,1,unknown,unknown,unknown,None
华堂,1,unknown,unknown,unknown,None
入拜国,1,unknown,unknown,unknown,None
归南,1,unknown,unknown,unknown,None
凤台,1,unknown,unknown,unknown,None
柴桑口,1,unknown,unknown,unknown,None
远镇,1,unknown,unknown,unknown,None
芜湖,1,unknown,unknown,unknown,None
非肃,1,unknown,unknown,unknown,None
兰干,1,unknown,unknown,unknown,None
岱大,1,unknown,unknown,unknown,None
南国,1,unknown,unknown,unknown,None
西汉,1,unknown,unknown,unknown,None
中寨,1,unknown,unknown,unknown,None
马坑,1,unknown,unknown,unknown,None
夹河,1,unknown,unknown,unknown,None
苍古,1,unknown,unknown,unknown,None
阜领诺,1,unknown,unknown,unknown,None
屯冀城,1,unknown,unknown,unknown,None
冰城,1,unknown,unknown,unknown,None
松拜,1,unknown,unknown,unknown,None
汝川,1,unknown,unknown,unknown,None
西郡,1,unknown,unknown,unknown,None
锦江,1,unknown,unknown,unknown,None
之雄,1,unknown,unknown,unknown,None
阜如,1,unknown,unknown,unknown,None
秘藏,1,unknown,unknown,unknown,None
魁西,1,unknown,unknown,unknown,None
回川,1,unknown,unknown,unknown,None
郢州,1,unknown,unknown,unknown,None
云山,1,unknown,unknown,unknown,None
荒州,1,unknown,unknown,unknown,None
北图,1,unknown,unknown,unknown,None
乃西,1,unknown,unknown,unknown,None
犹藏三窟,1,unknown,unknown,unknown,None
四郡,1,unknown,unknown,unknown,None
榆桥,1,unknown,unknown,unknown,None
芝兰,1,unknown,unknown,unknown,None
垫江,1,unknown,unknown,unknown,None
上堂,1,unknown,unknown,unknown,None
江滩,1,unknown,unknown,unknown,None
之乐,1,unknown,unknown,unknown,None
青泥镇,1,unknown,unknown,unknown,None
德兴,1,unknown,unknown,unknown,None
枝叶茂盛,1,unknown,unknown,unknown,None
临城,1,unknown,unknown,unknown,None
凤坡,1,unknown,unknown,unknown,None
东和,1,unknown,unknown,unknown,None
乌马,1,unknown,unknown,unknown,None
居西,1,unknown,unknown,unknown,None
日日春,1,unknown,unknown,unknown,None
江阳,1,unknown,unknown,unknown,None
犍为,1,unknown,unknown,unknown,None
阜劝,1,unknown,unknown,unknown,None
抚彝,1,unknown,unknown,unknown,None
阜屯,1,unknown,unknown,unknown,None
翼城,1,unknown,unknown,unknown,None
诸州,1,unknown,unknown,unknown,None
阜为,1,unknown,unknown,unknown,None
涪水西,1,unknown,unknown,unknown,None
盖州,1,unknown,unknown,unknown,None
德昂,1,unknown,unknown,unknown,None
登门,1,unknown,unknown,unknown,None
平拜,1,unknown,unknown,unknown,None
秦国,1,unknown,unknown,unknown,None
蜀耳,1,unknown,unknown,unknown,None
深藏,1,unknown,unknown,unknown,None
宜居,1,unknown,unknown,unknown,None
蜀民,1,unknown,unknown,unknown,None
虹桥,1,unknown,unknown,unknown,None
绕河,1,unknown,unknown,unknown,None
盘根,1,unknown,unknown,unknown,None
莫及,1,unknown,unknown,unknown,None
温州,1,unknown,unknown,unknown,None
腾云,1,unknown,unknown,unknown,None
牡丹,1,unknown,unknown,unknown,None
翼德兵屯瓦口,1,unknown,unknown,unknown,None
彼屯,1,unknown,unknown,unknown,None
波中,1,unknown,unknown,unknown,None
开疆,1,unknown,unknown,unknown,None
云回本寨,1,unknown,unknown,unknown,None
凡吾,1,unknown,unknown,unknown,None
长吴,1,unknown,unknown,unknown,None
上庸诸郡,1,unknown,unknown,unknown,None
德威,1,unknown,unknown,unknown,None
九国,1,unknown,unknown,unknown,None
伏自三省,1,unknown,unknown,unknown,None
吴本,1,unknown,unknown,unknown,None
满伯宁,1,unknown,unknown,unknown,None
阴阴,1,unknown,unknown,unknown,None
德感,1,unknown,unknown,unknown,None
襄樊,1,unknown,unknown,unknown,None
山水,1,unknown,unknown,unknown,None
非伯宁,1,unknown,unknown,unknown,None
蒙其,1,unknown,unknown,unknown,None
蒙至,1,unknown,unknown,unknown,None
舟鹿,1,unknown,unknown,unknown,None
阳江,1,unknown,unknown,unknown,None
陵坡,1,unknown,unknown,unknown,None
安宁,1,unknown,unknown,unknown,None
中韩,1,unknown,unknown,unknown,None
上冈,1,unknown,unknown,unknown,None
四山,1,unknown,unknown,unknown,None
越城,1,unknown,unknown,unknown,None
长休,1,unknown,unknown,unknown,None
汉云,1,unknown,unknown,unknown,None
夕阳,1,unknown,unknown,unknown,None
荆门,1,unknown,unknown,unknown,None
云头,1,unknown,unknown,unknown,None
上建庙,1,unknown,unknown,unknown,None
香木,1,unknown,unknown,unknown,None
南归,1,unknown,unknown,unknown,None
长桑,1,unknown,unknown,unknown,None
上耶,1,unknown,unknown,unknown,None
彰德,1,unknown,unknown,unknown,None
延康,1,unknown,unknown,unknown,None
之口,1,unknown,unknown,unknown,None
伏拜,1,unknown,unknown,unknown,None
谯县,1,unknown,unknown,unknown,None
石邑县,1,unknown,unknown,unknown,None
德布,1,unknown,unknown,unknown,None
仁及,1,unknown,unknown,unknown,None
乃昌,1,unknown,unknown,unknown,None
尧典,1,unknown,unknown,unknown,None
繁阳,1,unknown,unknown,unknown,None
两汉,1,unknown,unknown,unknown,None
庆云,1,unknown,unknown,unknown,None
之瑞,1,unknown,unknown,unknown,None
煌煌,1,unknown,unknown,unknown,None
无疆,1,unknown,unknown,unknown,None
抚临,1,unknown,unknown,unknown,None
永绥,1,unknown,unknown,unknown,None
西乡,1,unknown,unknown,unknown,None
北拜,1,unknown,unknown,unknown,None
阆州,1,unknown,unknown,unknown,None
楚地,1,unknown,unknown,unknown,None
中州,1,unknown,unknown,unknown,None
吴班,1,unknown,unknown,unknown,None
青城,1,unknown,unknown,unknown,None
九锡,1,unknown,unknown,unknown,None
夔关,1,unknown,unknown,unknown,None
德度,1,unknown,unknown,unknown,None
合寨,1,unknown,unknown,unknown,None
回本,1,unknown,unknown,unknown,None
巫峡,1,unknown,unknown,unknown,None
之马,1,unknown,unknown,unknown,None
富池口,1,unknown,unknown,unknown,None
江渚,1,unknown,unknown,unknown,None
之连,1,unknown,unknown,unknown,None
郡耳,1,unknown,unknown,unknown,None
广野,1,unknown,unknown,unknown,None
塞江,1,unknown,unknown,unknown,None
彝陵城,1,unknown,unknown,unknown,None
江滨,1,unknown,unknown,unknown,None
横沙,1,unknown,unknown,unknown,None
江流,1,unknown,unknown,unknown,None
紫阳,1,unknown,unknown,unknown,None
泛湖,1,unknown,unknown,unknown,None
南临,1,unknown,unknown,unknown,None
念耳,1,unknown,unknown,unknown,None
承汉,1,unknown,unknown,unknown,None
青及,1,unknown,unknown,unknown,None
芝但,1,unknown,unknown,unknown,None
鼎中,1,unknown,unknown,unknown,None
鹤鸣九皋,1,unknown,unknown,unknown,None
芝答,1,unknown,unknown,unknown,None
之壮,1,unknown,unknown,unknown,None
法非,1,unknown,unknown,unknown,None
之典,1,unknown,unknown,unknown,None
江道,1,unknown,unknown,unknown,None
河港,1,unknown,unknown,unknown,None
忻乐,1,unknown,unknown,unknown,None
离国,1,unknown,unknown,unknown,None
并川,1,unknown,unknown,unknown,None
于匣,1,unknown,unknown,unknown,None
非子龙,1,unknown,unknown,unknown,None
夹山峪,1,unknown,unknown,unknown,None
夹山,1,unknown,unknown,unknown,None
山峪下寨,1,unknown,unknown,unknown,None
象牙,1,unknown,unknown,unknown,None
锦城,1,unknown,unknown,unknown,None
诸甸,1,unknown,unknown,unknown,None
四泉,1,unknown,unknown,unknown,None
入庙,1,unknown,unknown,unknown,None
茂竹,1,unknown,unknown,unknown,None
旧山,1,unknown,unknown,unknown,None
甘南,1,unknown,unknown,unknown,None
洞西,1,unknown,unknown,unknown,None
仰鞍,1,unknown,unknown,unknown,None
土安,1,unknown,unknown,unknown,None
塔郎甸,1,unknown,unknown,unknown,None
河来,1,unknown,unknown,unknown,None
中屯,1,unknown,unknown,unknown,None
横木,1,unknown,unknown,unknown,None
入谷,1,unknown,unknown,unknown,None
溪洞,1,unknown,unknown,unknown,None
南人,1,unknown,unknown,unknown,None
奉国,1,unknown,unknown,unknown,None
泉台,1,unknown,unknown,unknown,None
上国,1,unknown,unknown,unknown,None
监国,1,unknown,unknown,unknown,None
之治,1,unknown,unknown,unknown,None
之隆,1,unknown,unknown,unknown,None
北定,1,unknown,unknown,unknown,None
旧都,1,unknown,unknown,unknown,None
高阳,1,unknown,unknown,unknown,None
横门,1,unknown,unknown,unknown,None
韩班,1,unknown,unknown,unknown,None
鸣山,1,unknown,unknown,unknown,None
芝贺,1,unknown,unknown,unknown,None
石城,1,unknown,unknown,unknown,None
深城,1,unknown,unknown,unknown,None
中度,1,unknown,unknown,unknown,None
非伯约,1,unknown,unknown,unknown,None
归城,1,unknown,unknown,unknown,None
茂林,1,unknown,unknown,unknown,None
鸭耳,1,unknown,unknown,unknown,None
得伯约,1,unknown,unknown,unknown,None
太原,1,unknown,unknown,unknown,None
二京,1,unknown,unknown,unknown,None
吉马,1,unknown,unknown,unknown,None
越吉大怒,1,unknown,unknown,unknown,None
下川,1,unknown,unknown,unknown,None
城市,1,unknown,unknown,unknown,None
山西路,1,unknown,unknown,unknown,None
离山,1,unknown,unknown,unknown,None
乃勒,1,unknown,unknown,unknown,None
伏地,1,unknown,unknown,unknown,None
四县,1,unknown,unknown,unknown,None
东莞,1,unknown,unknown,unknown,None
平北,1,unknown,unknown,unknown,None
绥南,1,unknown,unknown,unknown,None
荆湖,1,unknown,unknown,unknown,None
塞断其路,1,unknown,unknown,unknown,None
东国,1,unknown,unknown,unknown,None
广为,1,unknown,unknown,unknown,None
蜀都,1,unknown,unknown,unknown,None
祁连,1,unknown,unknown,unknown,None
青羌,1,unknown,unknown,unknown,None
非一州,1,unknown,unknown,unknown,None
宛马,1,unknown,unknown,unknown,None
蒙本,1,unknown,unknown,unknown,None
旧国,1,unknown,unknown,unknown,None
韩暨,1,unknown,unknown,unknown,None
石山,1,unknown,unknown,unknown,None
济阳,1,unknown,unknown,unknown,None
宜绝,1,unknown,unknown,unknown,None
雍城,1,unknown,unknown,unknown,None
满山,1,unknown,unknown,unknown,None
深自,1,unknown,unknown,unknown,None
连阴,1,unknown,unknown,unknown,None
赤坡,1,unknown,unknown,unknown,None
山岳,1,unknown,unknown,unknown,None
中门旗,1,unknown,unknown,unknown,None
开城,1,unknown,unknown,unknown,None
天蓬,1,unknown,unknown,unknown,None
摩坡,1,unknown,unknown,unknown,None
东原,1,unknown,unknown,unknown,None
渭登原,1,unknown,unknown,unknown,None
淮阳,1,unknown,unknown,unknown,None
两山,1,unknown,unknown,unknown,None
剑关,1,unknown,unknown,unknown,None
塞断,1,unknown,unknown,unknown,None
深根固蒂,1,unknown,unknown,unknown,None
甘窟,1,unknown,unknown,unknown,None
彼本,1,unknown,unknown,unknown,None
内安,1,unknown,unknown,unknown,None
天汉,1,unknown,unknown,unknown,None
汶山,1,unknown,unknown,unknown,None
延安,1,unknown,unknown,unknown,None
锦官城,1,unknown,unknown,unknown,None
安镇,1,unknown,unknown,unknown,None
华舆,1,unknown,unknown,unknown,None
上林苑,1,unknown,unknown,unknown,None
禹卑,1,unknown,unknown,unknown,None
扬烈,1,unknown,unknown,unknown,None
北市,1,unknown,unknown,unknown,None
智耳,1,unknown,unknown,unknown,None
辽水,1,unknown,unknown,unknown,None
平城,1,unknown,unknown,unknown,None
辽河,1,unknown,unknown,unknown,None
中卫,1,unknown,unknown,unknown,None
平陵,1,unknown,unknown,unknown,None
洛河,1,unknown,unknown,unknown,None
中宿,1,unknown,unknown,unknown,None
东市,1,unknown,unknown,unknown,None
堰断,1,unknown,unknown,unknown,None
江海,1,unknown,unknown,unknown,None
吕岱,1,unknown,unknown,unknown,None
两城,1,unknown,unknown,unknown,None
徐塘,1,unknown,unknown,unknown,None
中梁,1,unknown,unknown,unknown,None
泉边,1,unknown,unknown,unknown,None
泰来,1,unknown,unknown,unknown,None
淮连,1,unknown,unknown,unknown,None
淮归寨,1,unknown,unknown,unknown,None
临东市,1,unknown,unknown,unknown,None
西掖,1,unknown,unknown,unknown,None
安风津,1,unknown,unknown,unknown,None
北至,1,unknown,unknown,unknown,None
若得洮,1,unknown,unknown,unknown,None
深谷,1,unknown,unknown,unknown,None
东羌,1,unknown,unknown,unknown,None
彼洮西,1,unknown,unknown,unknown,None
遂回本寨,1,unknown,unknown,unknown,None
寿春,1,unknown,unknown,unknown,None
越壕,1,unknown,unknown,unknown,None
入寿,1,unknown,unknown,unknown,None
三河,1,unknown,unknown,unknown,None
六国,1,unknown,unknown,unknown,None
四野,1,unknown,unknown,unknown,None
西苑,1,unknown,unknown,unknown,None
中营,1,unknown,unknown,unknown,None
乃安,1,unknown,unknown,unknown,None
郑伦,1,unknown,unknown,unknown,None
山角,1,unknown,unknown,unknown,None
宁陵,1,unknown,unknown,unknown,None
爪甲,1,unknown,unknown,unknown,None
龙门,1,unknown,unknown,unknown,None
台览,1,unknown,unknown,unknown,None
密约,1,unknown,unknown,unknown,None
黑龙江,1,unknown,unknown,unknown,None
朝中,1,unknown,unknown,unknown,None
定西,1,unknown,unknown,unknown,None
山关,1,unknown,unknown,unknown,None
城拜,1,unknown,unknown,unknown,None
南路,1,unknown,unknown,unknown,None
北道,1,unknown,unknown,unknown,None
高山峻岭,1,unknown,unknown,unknown,None
天齐,1,unknown,unknown,unknown,None
锦竹,1,unknown,unknown,unknown,None
北地王,1,unknown,unknown,unknown,None
锦里,1,unknown,unknown,unknown,None
云彻,1,unknown,unknown,unknown,None
五湖,1,unknown,unknown,unknown,None
之岭,1,unknown,unknown,unknown,None
吉庆,1,unknown,unknown,unknown,None
山根,1,unknown,unknown,unknown,None
昭及,1,unknown,unknown,unknown,None
故国,1,unknown,unknown,unknown,None
英武,1,unknown,unknown,unknown,None
襄武县,1,unknown,unknown,unknown,None
六马,1,unknown,unknown,unknown,None
绍汉,1,unknown,unknown,unknown,None
晋国,1,unknown,unknown,unknown,None
安吴,1,unknown,unknown,unknown,None
锦绣江山,1,unknown,unknown,unknown,None
垦田,1,unknown,unknown,unknown,None
西陵,1,unknown,unknown,unknown,None
咸宁,1,unknown,unknown,unknown,None
南州,1,unknown,unknown,unknown,None
遂建庙,1,unknown,unknown,unknown,None
圣武,1,unknown,unknown,unknown,None
横江,1,unknown,unknown,unknown,None
广武,1,unknown,unknown,unknown,None
拒夏口,1,unknown,unknown,unknown,None
广州,1,unknown,unknown,unknown,None
下江,1,unknown,unknown,unknown,None
三山,1,unknown,unknown,unknown,None
江底,1,unknown,unknown,unknown,None
拒城,1,unknown,unknown,unknown,None
上寿,1,unknown,unknown,unknown,None
叙其,1,unknown,unknown,unknown,None
绍海,1,unknown,unknown,unknown,None
咸池,1,unknown,unknown,unknown,None
兴河,1,unknown,unknown,unknown,None
屯荆襄,1,unknown,unknown,unknown,None
德本,1,unknown,unknown,unknown,None
九伐,1,unknown,unknown,unknown,None
